id,is_inhouse,hired_at,full_name
s32,False,2019-02-06,Taylor Swift
s64,False,2019-05-10,Jennifer Aniston
s96,True,2019-08-29,George Clooney
s128,True,2019-11-01,Robert Downey Jr.
s160,True,2019-12-17,Miley Cyrus
s192,False,2020-05-18,Julia Roberts
s20,True,2019-01-10,Britney Spears
s52,True,2019-03-30,Donald Trump
s84,False,2019-06-15,Natalie Portman
s116,True,2019-10-27,Oprah Winfrey
s148,True,2019-11-23,Jennifer Lawrence
s180,False,2020-04-02,Kim Kardashian
s25,True,2019-01-25,Alec Baldwin
s57,True,2019-04-18,Beyoncé
s89,True,2019-07-01,Emma Stone
s121,True,2019-10-29,Scarlett Johansson
s153,False,2019-12-06,Emma Watson
s185,False,2020-04-30,Mila Kunis
s28,False,2019-02-05,Chris Hemsworth
s60,False,2019-04-24,Rachel McAdams
s92,True,2019-07-26,Lindsay Lohan
s124,True,2019-10-29,Demi Moore
s156,False,2019-12-16,Tom Hanks
s188,False,2020-05-05,Amanda Seyfried
s23,False,2019-01-20,Rihanna
s55,False,2019-04-11,Sarah Michelle Gellar
s87,True,2019-06-27,Katy Perry
s119,True,2019-10-29,Alyson Hannigan
s151,True,2019-12-03,David Hasselhoff
s183,False,2020-04-29,Jenna Fischer
s17,False,2018-12-30,Justin Bieber
s49,True,2019-03-29,Ellen DeGeneres
s81,False,2019-06-11,JayZ
s113,False,2019-10-26,Dwayne Johnson
s145,True,2019-11-23,Tom Cruise
s177,False,2020-03-02,Cristiano Ronaldo
s27,False,2019-01-29,Sean Combs
s59,True,2019-04-21,Drake
s91,True,2019-07-02,Angelina Jolie
s123,True,2019-10-29,Brad Pitt
s155,False,2019-12-08,Will Smith
s187,False,2020-05-02,Madonna
s21,False,2019-01-15,Matt Damon
s53,True,2019-04-01,Jennifer Lopez
s85,True,2019-06-27,Steven Spielberg
s117,True,2019-10-27,David Beckham
s149,True,2019-11-25,Elton John
s181,False,2020-04-02,Johnny Depp
s22,False,2019-01-16,Ben Affleck
s54,False,2019-04-11,Halle Berry
s86,True,2019-06-27,Serena Williams
s118,True,2019-10-27,Chrissy Teigen
s150,False,2019-11-26,Justin Timberlake
s182,False,2020-04-27,Leonardo DiCaprio
s24,True,2019-01-22,Selena Gomez
s56,True,2019-04-18,Meryl Streep
s88,True,2019-06-29,Ariana Grande
s120,True,2019-10-29,Channing Tatum
s152,False,2019-12-06,Ryan Reynolds
s184,False,2020-04-29,Nicole Kidman
s26,False,2019-01-27,Reese Witherspoon
s58,True,2019-04-18,Demi Lovato
s90,False,2019-07-01,Mariah Carey
s122,True,2019-10-29,Nicki Minaj
s154,False,2019-12-07,Eminem
s186,False,2020-05-01,Sandra Bullock
s29,False,2019-02-05,Khloé Kardashian
s61,True,2019-04-27,Chris Pratt
s93,True,2019-07-26,Denzel Washington
s125,True,2019-11-01,Kevin Hart
s157,True,2019-12-16,Barack Obama
s189,False,2020-05-06,Adam Sandler
s31,False,2019-02-06,Gwyneth Paltrow
s63,False,2019-05-08,John Legend
s95,True,2019-08-29,Kourtney Kardashian
s127,True,2019-11-01,Jessica Alba
s159,True,2019-12-17,Jamie Foxx
s191,False,2020-05-09,Will Ferrell
s18,True,2019-01-08,Daniel Craig
s50,False,2019-03-29,Katie Holmes
s82,False,2019-06-11,Alex Rodriguez
s114,True,2019-10-26,Paris Hilton
s146,False,2019-11-23,Arnold Schwarzenegger
s178,False,2020-03-29,Kevin Durant
s19,True,2019-01-09,Ashton Kutcher
s51,False,2019-03-29,Harrison Ford
s83,False,2019-06-12,Simon Cowell
s115,False,2019-10-26,Vanessa Hudgens
s147,True,2019-11-23,Marilyn Monroe
s179,False,2020-03-30,Heidi Klum
s30,False,2019-02-05,Jennifer Garner
s62,True,2019-05-04,Nick Jonas
s94,True,2019-07-27,Cara Delevingne
s126,True,2019-11-01,Hilary Duff
s158,True,2019-12-16,Jimmy Fallon
s190,False,2020-05-08,Harry Styles
s11,False,2018-11-29,Matthew McConaughey
s43,False,2019-02-26,Tiger Woods
s75,True,2019-05-22,Mark Wahlberg
s107,False,2019-10-11,Elvis Presley
s139,False,2019-11-22,Michael Jordan
s171,False,2020-02-13,Michael Jackson
s12,False,2018-12-02,Bruce Lee
s44,False,2019-02-26,K.S. Chithra
s76,True,2019-05-24,Morgan Freeman
s108,False,2019-10-12,Chuck Norris
s140,False,2019-11-22,Al Pacino
s172,False,2020-02-15,Beyonce Knowles
s8,False,2018-10-27,Christian Bale
s40,True,2019-02-25,Nelson Mandela
s72,False,2019-05-18,Leonardo Di Caprio
s104,True,2019-09-22,Marlon Brando
s136,False,2019-11-19,James Hetfield
s168,False,2020-01-22,Freddie Mercury
s200,False,2020-05-23,Whitney Houston
s14,False,2018-12-08,Jackie Evancho
s46,False,2019-02-28,James Brown
s78,False,2019-06-11,Muhammad Ali
s110,False,2019-10-24,Christopher Reeves
s142,False,2019-11-22,Neil Armstrong
s174,False,2020-02-16,Robert De Niro
s2,True,2017-04-05,Professor Dumbledore
s34,False,2019-02-12,Sachin Tendulkar
s66,False,2019-05-10,Shakira
s98,True,2019-08-29,Lady GaGa
s130,False,2019-11-03,Jackie Chan
s162,True,2019-12-19,Sarah Geronimo
s194,False,2020-05-19,Bono
s4,True,2018-08-01,Chester Bennington
s36,True,2019-02-12,Amy Lee
s68,False,2019-05-11,Debby Ryan
s100,False,2019-09-15,Tim Burton
s132,False,2019-11-16,Ronnie James Dio
s164,False,2020-01-02,Marilyn Monroe
s196,False,2020-05-19,Albert Einstein
s5,True,2018-09-23,"Diana, Princess of Wales"
s37,False,2019-02-15,Kanye West
s69,False,2019-05-15,Robin Williams
s101,False,2019-09-15,Nicolas Cage
s133,False,2019-11-17,Jim Carrey
s165,False,2020-01-21,Audrey Hepburn
s197,False,2020-05-19,Jack Nicholson
s9,False,2018-11-11,Bruce Willis
s41,False,2019-02-26,Vin Diesel
s73,True,2019-05-21,Elizabeth Taylor
s105,False,2019-10-11,Howard Stern
s137,False,2019-11-22,Kobe Bryant
s169,False,2020-01-22,Jerry Seinfeld
s201,True,,CHAT QUEUE
s3,True,2018-07-26,Blake Lively
s35,True,2019-02-12,Cameron Diaz
s67,False,2019-05-10,Megan Fox
s99,False,2019-09-15,Kate Beckinsale
s131,True,2019-11-04,Nina Dobrev
s163,True,2019-12-27,Kate Hudson
s195,False,2020-05-19,Salma Hayek
s7,True,2018-10-24,Amber Heard
s39,True,2019-02-24,Sofía Vergara
s71,False,2019-05-17,Anne Hathaway
s103,False,2019-09-15,Jessica Biel
s135,False,2019-11-19,Keira Knightley
s167,False,2020-01-22,Hayden Panettiere
s199,False,2020-05-22,Olivia Wilde
s10,False,2018-11-29,Eva Longoria
s42,False,2019-02-26,Eva Mendes
s74,True,2019-05-22,Jennifer Love Hewitt
s106,False,2019-10-11,Kristen Stewart
s138,False,2019-11-22,Julianne Hough
s170,False,2020-02-09,Penélope Cruz
s202,True,,CALL QUEUE
s15,True,2018-12-27,Ryan Gosling
s47,True,2019-03-03,Hugh Jackman
s79,False,2019-06-11,Liam Hemsworth
s111,False,2019-10-26,Jake Gyllenhaal
s143,False,2019-11-22,Chris Pine
s175,False,2020-02-22,Robert Pattinson
s6,True,2018-10-23,Ian Somerhalder
s38,True,2019-02-23,Adam Levine
s70,False,2019-05-17,Jared Leto
s102,False,2019-09-15,Taylor Lautner
s134,False,2019-11-17,Joseph GordonLevitt
s166,False,2020-01-21,Keanu Reeves
s198,False,2020-05-19,Daniel Radcliffe
s1,True,2017-01-29,Orlando Bloom
s33,False,2019-02-06,Kellan Lutz
s65,False,2019-05-10,Zayn Malik
s97,True,2019-08-29,Joe Manganiello
s129,True,2019-11-02,James Franco
s161,False,2019-12-17,Chace Crawford
s193,False,2020-05-18,Jamie Dornan
s13,False,2018-12-02,Alex Pettyfer
s45,False,2019-02-28,Gerard Butler
s77,True,2019-05-30,Logan Lerman
s109,False,2019-10-22,Jude Law
s141,False,2019-11-22,Andrew Garfield
s173,False,2020-02-15,Heath Ledger
s16,True,2018-12-30,Wentworth Miller
s48,True,2019-03-25,Chad Michael Murray
s80,False,2019-06-11,Colin Farrell
s112,True,2019-10-26,Shia LaBeouf
s144,True,2019-11-23,Paul Walker
s176,False,2020-02-23,Jared Padalecki
